{"cameraMode":{"drawMode":0,"name":"Shaded","section":"Shading Mode"},"sceneLighting":true,"audioPlay":false,"sceneViewState":{"m_AlwaysRefresh":false,"showFog":true,"showSkybox":true,"showFlares":true,"showImageEffects":true,"showParticleSystems":true,"showVisualEffectGraphs":true,"m_FxEnabled":true},"in2DMode":false,"pivot":{"x":132.90968322753907,"y":-5.648864269256592,"z":271.0834655761719},"rotation":{"x":0.02743980661034584,"y":0.9656649827957153,"z":-0.11438166350126267,"w":0.23169474303722382},"size":18.18158721923828,"orthographic":false}